feature 188418;cg05031931;FAM20C
feature 270341;cg13696436;EBF3
feature 149504;cg19791262;HK3
feature 2;cg12045430;WASH5P
feature 239617;cg17009433;GLDC
feature 370694;cg09851343;LMF1
feature 69636;cg07198752;CYBRD1
feature 247813;cg14094347;QSOX2
feature 116747;cg04026044;RASSF6
feature 395276;cg25563256;FGF11
feature 258056;cg27027230;ARID5B
feature 415757;cg25907686;RNF213
feature 194574;cg07513622;null
feature 436234;cg07083818;KIAA1683
feature 417803;cg27226927;DCXR
feature 26639;cg22386646;KCND3
feature 170002;cg06580074;SYNGAP1
feature 303125;cg09286981;TSPAN9
feature 49172;cg23902076;ASAP2
feature 483345;cg14296882;ATP11C
feature 198680;cg12708735;STK17A
feature 129053;cg19102993;LPCAT1
feature 430105;cg12589340;RFX2
feature 309284;cg27036740;CCNT1
feature 249888;cg03087203;WDR37
feature 2089;cg07093776;PRKCZ
feature 61483;cg02489228;TMEM131
feature 92204;cg02954324;null
feature 473129;cg08234193;ALG12
feature 274475;cg00423364;TSPAN4
feature 331818;cg20618076;ST13P4
feature 235570;cg11256152;TRAPPC9
feature 335921;cg24995674;COL4A2
feature 135224;cg09005125;MAST4
feature 417850;cg25685996;DUS1L
feature 2108;cg21282837;PRKCZ
feature 137277;cg09507411;XRCC4
feature 460856;cg00805193;SAMD10
feature 303173;cg10824503;TSPAN9
feature 188481;cg24928901;PDGFA
feature 313409;cg00331508;ARHGEF25
feature 352323;cg06955998;KLC1
feature 81993;cg15564948;BHLHE40
feature 204876;cg14712657;null
feature 4176;cg20677901;TP73
feature 79952;cg00457915;HDAC4
feature 299094;cg12819548;ARHGEF12
feature 303191;cg17020895;null
feature 94295;cg23051926;CBLB
feature 227419;cg09626193;SOX17
feature 278620;cg12308279;ST5
feature 198747;cg03257739;URGCP
feature 424031;cg00471371;ZNF516
feature 75864;cg06916012;GMPPA
feature 387167;cg08412913;null
feature 8285;cg04923366;null
feature 352347;cg01181105;XRCC3
feature 100446;cg01704739;null
feature 118878;cg17236870;GRID2
feature 137315;cg04223006;VCAN
feature 309349;cg13285458;CACNB3
feature 292967;cg10599456;PGM2L1
feature 12388;cg00768487;UBXN11
feature 34919;cg14287742;BLZF1
feature 340066;cg10204652;PSMB5
feature 243819;cg13526642;AKAP2
feature 61545;cg12221689;VWA3B
feature 366696;cg25156843;ABHD2
feature 41078;cg06694137;PROX1
feature 36984;cg11855643;C1orf21
feature 174200;cg00634968;PKHD1
feature 391291;cg08854185;DBNDD1
feature 286854;cg16146033;SLC22A8
feature 174208;cg01816258;PKHD1
feature 364674;cg03313752;null
feature 422030;cg03722909;SETBP1
feature 311437;cg04418091;ATP5G2
feature 102538;cg26065488;TNIK
feature 358542;cg13707514;FRMD5
feature 340107;cg04854749;ACIN1
feature 37006;cg17170262;EDEM3
feature 284811;cg25628989;TNKS1BP1
feature 147602;cg13362794;WWC1
feature 356503;cg09670701;GOLGA8B
feature 4242;cg03043665;TP73
feature 323735;cg24748262;null
feature 467091;cg04435377;null
feature 352403;cg13154413;ZFYVE21
feature 422046;cg03972656;SETBP1
feature 73880;cg02957173;null
feature 155;cg24997886;SAMD11
feature 338075;cg00994984;LAMP1
feature 71841;cg12943634;ASNSD1
feature 20640;cg15200009;null
feature 415908;cg16591659;null
feature 301222;cg17043651;ZBTB44
feature 391335;cg01760100;PRDM7
feature 102562;cg15863841;PLD1
feature 331937;cg18479255;FAM124A
feature 336032;cg10287482;NAXD
feature 170151;cg06952422;ITPR3
feature 86183;cg09642381;XYLB
feature 231593;cg14343905;null
feature 34986;cg01952742;SELP
feature 182441;cg02701019;STX11
feature 407723;cg15370140;null
feature 90287;cg07757611;NT5DC2
feature 135346;cg06433467;null
feature 315572;cg24592892;null
feature 164018;cg02304584;null
feature 262325;cg09163779;RPP30
feature 274615;cg14013417;AP2A2
feature 413875;cg11468193;SEPT9
feature 116918;cg03303585;null
feature 51385;cg24425171;POMC
feature 274616;cg03860343;AP2A2
feature 71869;cg04322298;ORMDL1
feature 41149;cg11156304;PTPN14
feature 403654;cg25616160;null
feature 192707;cg08545365;PAPOLB
feature 221383;cg09528494;null
feature 149702;cg05901447;SLC34A1
feature 313537;cg12116027;AGAP2
feature 260293;cg27367142;null
feature 362701;cg08630080;PAQR5
feature 141514;cg07135660;null
feature 321740;cg03424602;CAMKK2
feature 334030;cg19034505;null
feature 274632;cg27587257;AP2A2
feature 198861;cg01399219;AEBP1
feature 379093;cg01792666;SRCAP
feature 411860;cg21210496;SDK2
feature 280784;cg12711760;NAV2
feature 86229;cg21556683;SCN5A
feature 49365;cg17214023;null
feature 125142;cg10509254;HAND2-AS1
feature 2267;cg26566407;SKI
feature 172249;cg22791678;FOXP4
feature 223455;cg10635443;null
feature 235741;cg02911270;AGO2
feature 276699;cg25204743;KCNQ1
feature 469223;cg23889684;APOL3
feature 248034;cg14488715;NOTCH1
feature 205025;cg02384501;PEG10
feature 375014;cg16451995;PMM2
feature 2278;cg19025786;SKI
feature 73958;cg05774672;FZD5
feature 291052;cg15934634;null
feature 188648;cg00665482;PRKAR1B
feature 356590;cg12224730;null
feature 289000;cg24238564;CST6
feature 321770;cg23235876;CAMKK2
feature 162036;cg20178172;IER3
feature 39158;cg17158762;MDM4
feature 446705;cg20228985;CTU1
feature 454910;cg11320187;MYH7B
feature 61689;cg20666917;KIAA1211L
feature 387327;cg01727408;null
feature 61690;cg11636504;KIAA1211L
feature 100603;cg05684266;null
feature 424189;cg23470914;MBP
feature 282872;cg01514668;MIR129-2
feature 383225;cg01568244;KIAA0895L
feature 57596;cg20858224;GMCL1
feature 444679;cg19382019;null
feature 110850;cg14844756;MRFAP1
feature 145668;cg01120953;CAMK2A
feature 47367;cg02096296;SNTG2
feature 270595;cg06996389;null
feature 252170;cg23214249;UPF2
feature 241930;cg21237586;null
feature 80140;cg27007625;null
feature 127250;cg01682748;TUBB7P
feature 180502;cg11798873;PTPRK
feature 336144;cg19937499;null
feature 33045;cg05750926;null
feature 241940;cg00779638;AGTPBP1
feature 360722;cg21241560;RORA
feature 358674;cg10439456;TRIM69
feature 28952;cg26836685;null
feature 413981;cg19654743;SEPT9
feature 203032;cg27154660;POR
feature 463132;cg18151134;BACE2
feature 364825;cg22724325;CIB2
feature 90398;cg25796963;ITIH3
feature 104737;cg03901576;null
feature 71968;cg15025248;MFSD6
feature 166183;cg18243760;PRRT1
feature 366883;cg24871165;null
feature 321832;cg06024930;KDM2B
feature 162092;cg07220152;null
feature 321835;cg02827029;KDM2B
feature 41264;cg03651769;KCNK2
feature 327991;cg21812277;PARP4
feature 375094;cg06530983;null
feature 309553;cg12930124;DHH
feature 149813;cg02208529;DBN1
feature 313661;cg03228931;CTDSP2
feature 184635;cg24628394;null
feature 119096;cg25808538;null
feature 368960;cg24008435;LINS1
feature 319810;cg00238593;DDX54
feature 162117;cg16079541;null
feature 215364;cg02388319;null
feature 352589;cg10127037;KIF26A
feature 55625;cg05663173;SPTBN1
feature 188744;cg27418434;PRKAR1B
feature 8522;cg03478588;PLEKHM2
feature 47434;cg07609206;SNTG2
feature 233800;cg12002745;null
feature 72014;cg26191447;null
feature 8538;cg02485345;SLC25A34
feature 123226;cg01012445;LRBA
feature 366942;cg03312532;TICRR
feature 86367;cg00262061;CX3CR1
feature 49505;cg22614203;HPCAL1
feature 371040;cg04158612;null
feature 266604;cg18733690;null
feature 43368;cg02268584;OBSCN
feature 457066;cg04539957;SLC12A5
feature 403818;cg19255007;JUP
feature 164207;cg08509383;DDAH2
feature 375147;cg05187154;null
feature 481640;cg14135852;null
feature 164208;cg16359915;DDAH2
feature 436594;cg15424739;COMP
feature 35189;cg10143731;PRRC2C
feature 262513;cg10092799;CPEB3
feature 86390;cg12534466;SLC25A38
feature 317821;cg22827210;CHST11
feature 432508;cg07478501;KANK2
feature 422268;cg06002288;null
feature 84346;cg23220897;null
feature 252280;cg26231267;CAMK1D
feature 342393;cg26010412;MDGA2
feature 153985;cg01485547;GCNT2
feature 2440;cg02473847;MORN1
feature 350607;cg10597322;SLC25A29
feature 39307;cg22711218;DSTYK
feature 354696;cg16067029;null
feature 80272;cg23899779;null
feature 444820;cg04899500;KCNJ14
feature 70038;cg16435910;null
feature 258458;cg11237934;HERC4
feature 12698;cg24580782;NR0B2
feature 78235;cg05978827;SH3BP4
feature 31132;cg13396821;KCNN3
feature 381339;cg04941630;null
feature 86430;cg07071426;null
feature 213411;cg21580350;null
feature 270752;cg07810282;TCERG1L
feature 205222;cg19643442;DYNC1I1
feature 246181;cg14016879;ASS1
feature 158117;cg19410770;null
feature 92582;cg02336104;FOXP1
feature 27047;cg26824174;OLFML3
feature 317868;cg16874634;C12orf45
feature 276908;cg20492951;CDKN1C
feature 295342;cg14498291;AMOTL1
feature 395690;cg03854722;KDM6B
feature 70062;cg22067795;SP3
feature 383412;cg02089487;ATP6V0D1
feature 395701;cg23528037;TMEM88
feature 246198;cg00571819;LOC100272217
feature 395696;cg17044356;TMEM88
feature 383410;cg09647884;ATP6V0D1
feature 276915;cg25215340;CDKN1C
feature 346546;cg16089443;LIN52
feature 336317;cg03211447;ARHGEF7
feature 448959;cg23530263;NAT14
feature 326078;cg25977879;FBRSL1
feature 55741;cg02465741;CLHC1
feature 453051;cg04750536;RIN2
feature 12735;cg23463742;KDF1
feature 182720;cg27019068;null
feature 123333;cg03157423;null
feature 438723;cg10351808;FXYD1
feature 113095;cg18953078;null
feature 344527;cg18161803;null
feature 350665;cg20469502;WDR25
feature 164302;cg21091985;null
feature 184783;cg24100167;PNLDC1
feature 444872;cg19878479;LMTK3
feature 225741;cg08272784;ADAM2
feature 29136;cg27512510;null
feature 289237;cg05496363;CD248
feature 76243;cg04309212;null
feature 469460;cg02179764;MPST
feature 381404;cg04340928;null
feature 35289;cg17178220;DNM3
feature 373215;cg06753684;null
feature 291290;cg05107632;ORAOV1
feature 365019;cg08321268;CHRNB4
feature 61920;cg10081994;LONRF2
feature 432614;cg22486630;PLPPR2
feature 283111;cg01478204;null
feature 74212;cg19053250;UNC80
feature 371171;cg07890233;CACNA1H
feature 100838;cg03906843;IGSF10
feature 469487;cg03078006;TMPRSS6
feature 242153;cg00755043;NXNL2
feature 297455;cg19232164;REXO2
feature 266728;cg18537205;VTI1A
feature 156142;cg05816193;HIST1H1A
feature 78318;cg23337031;AGAP1
feature 401904;cg03323462;null
feature 422384;cg15033113;null
feature 471550;cg14910055;null
feature 168443;cg03562759;COL11A2
feature 104957;cg27225068;null
feature 72188;cg09501959;TMEFF2
feature 223747;cg05487589;EBF2
feature 166400;cg14750743;AGPAT1
feature 139777;cg14501548;null
feature 395781;cg14918082;KCNAB3
feature 100869;cg01044025;null
feature 68100;cg27074041;NR4A2
feature 113159;cg05068848;null
feature 252420;cg13782814;SEPHS1
feature 465408;cg20353484;GAB4
feature 385546;cg06963852;KARS
feature 154131;cg21649660;ELOVL2
feature 184851;cg09555124;IGF2R
feature 338455;cg04940089;TFDP1
feature 18963;cg09258479;PDZK1IP1
feature 18965;cg07150145;PDZK1IP1
feature 197142;cg21619594;ADCYAP1R1
feature 334355;cg10805850;FARP1
feature 410140;cg01708344;MARCH10
feature 88604;cg16180552;IP6K2
feature 68124;cg11379337;NR4A2
feature 12830;cg07022953;null
feature 471590;cg26453588;BIK
feature 231969;cg07981588;YWHAZ
feature 51746;cg07263981;OTOF
feature 8742;cg16354688;CLCNKB
feature 2598;cg00532449;null
feature 346670;cg05076775;NPC2
feature 143918;cg19311812;TAF7
feature 39468;cg01720722;CDK18
feature 266795;cg18745752;TCF7L2
feature 330292;cg09000385;FOXO1
feature 145969;cg22005145;GPX3
feature 12851;cg01396034;WDTC1
feature 39475;cg07008784;CDK18
feature 59956;cg11752275;GNLY
feature 74293;cg21967368;CPS1
feature 313905;cg25084332;MIRLET7I
feature 148023;cg20168709;NPM1
feature 438844;cg23467944;CD22
feature 123451;cg15009431;ARFIP1
feature 344632;cg03523434;KCNH5
feature 164412;cg13225750;VWA7
feature 191043;cg05211192;MAD1L1
feature 191044;cg16772998;MAD1L1
feature 164421;cg27143082;VWA7
feature 363084;cg03472130;THSD4
feature 121416;cg22325606;null
feature 361036;cg04438661;null
feature 334412;cg07864647;FARP1
feature 375375;cg10379077;CLEC16A
feature 236104;cg04849298;null
feature 207439;cg03460001;CUX1
feature 473673;cg13092901;TYMP
feature 170579;cg15653828;SPDEF
feature 393815;cg00163006;SPNS2
feature 422485;cg06203649;SMAD7
feature 432720;cg15551673;ELAVL3
feature 377437;cg03945021;null
feature 100953;cg15034393;null
feature 137816;cg14452907;null
feature 207449;cg19434164;CUX1
feature 266842;cg23683800;null
feature 174684;cg15756928;GFRAL
feature 404079;cg02908083;RAB5C
feature 70253;cg27305009;WIPF1
feature 229997;cg00476430;PAG1
feature 49775;cg15319028;PQLC3
feature 311924;cg16345213;null
feature 78448;cg22123885;AGAP1
feature 475765;cg02495445;null
feature 141936;cg01133662;H2AFY
feature 277110;cg19825639;NAP1L4
feature 164465;cg24025008;VARS
feature 270961;cg15444217;PPP2R2D
feature 281202;cg05862393;SLC5A12
feature 98934;cg20566970;null
feature 109177;cg07094298;TNIP2
feature 131707;cg06700166;CDH18
feature 303742;cg26213458;ANO2
feature 250494;cg14770389;null
feature 152188;cg26908825;GMDS
feature 277124;cg21190595;CARS
feature 152195;cg19828338;GMDS
feature 139905;cg26084796;DMXL1
feature 76422;cg07085815;SERPINE2
feature 258698;cg25290552;KIF1BP
feature 340622;cg03431846;REC8
feature 166542;cg16602460;PBX2
feature 246414;cg10660666;PRRC2B
feature 238220;cg06029935;null
feature 283285;cg02674693;null
feature 287382;cg04317338;PLCB3
feature 328336;cg12606391;CDK8
feature 357010;cg13463208;THBS1
feature 389789;cg10491452;null
feature 27289;cg20274673;null
feature 101019;cg26777729;ARHGEF26
feature 60059;cg04946327;POLR1A
feature 457369;cg19772907;ZMYND8
feature 252578;cg07315858;FRMD4A
feature 414373;cg15502888;SOCS3
feature 469667;cg14711067;LGALS2
feature 113316;cg11815072;CCDC149
feature 131748;cg22831264;null
feature 197291;cg24386135;null
feature 316072;cg09789697;null
feature 96943;cg04527018;CHST13
feature 344746;cg10018167;SYNE2
feature 154290;cg07283896;null
feature 371380;cg06703573;UBE2I
feature 182966;cg13136655;ZC3H12D
feature 363185;ch.15.1141100F;PKM
feature 123572;cg08555594;TRIM2
feature 125620;cg00517849;TENM3
feature 334524;cg23954655;STK24
feature 176827;cg20389063;null
feature 182968;cg04275695;ZC3H12D
feature 383679;cg00925950;PSKH1
feature 342715;cg26422329;SAV1
feature 350907;cg08175935;MIR127
feature 19135;cg11856897;null
feature 127678;cg17751153;EXOC3
feature 160445;cg24679043;TRIM10
feature 469703;cg27611781;PDXP
feature 277188;cg14991004;OSBPL5
feature 346822;cg00679184;null
feature 400078;cg20480274;SEZ6
feature 207563;cg14203426;CUX1
feature 441035;cg06055845;MIR641
feature 56014;cg06097717;null
feature 277212;cg12851049;OSBPL5
feature 39640;cg05749351;SLC26A9
feature 187099;cg25548116;null
feature 473822;cg04537738;SHANK3
feature 39643;cg25141818;SLC26A9
feature 332510;cg17579770;null
feature 101088;cg20216802;MME
feature 107238;cg17265115;PCGF3
feature 168682;cg25381091;RXRB
feature 185066;cg21351392;AGPAT4
feature 183016;cg27409974;LATS1
feature 269032;cg16404170;FAM53B
feature 250607;cg20149431;PFKP
feature 318187;cg23503691;RIC8B
feature 424694;cg27019645;NFATC1
feature 109296;cg22988507;NOP14-AS1
feature 434932;cg27067618;CYP4F3
feature 56051;cg10808195;null
feature 414451;cg11752857;DNAH17
feature 385778;cg03295251;WWOX
feature 111353;cg01736389;SORCS2
feature 393982;cg18056600;ZMYND15
feature 19196;cg18376692;null
feature 2812;cg26785823;LOC115110
feature 271099;cg16415825;null
feature 82686;cg08708711;BRK1
feature 240387;cg01746241;KIAA1161
feature 260871;cg17045635;ZMIZ1
feature 240392;cg20241254;KIAA1161
feature 260872;cg18737081;ZMIZ1
feature 88845;cg02337062;CCDC71
feature 13069;cg11697038;AHDC1
feature 385803;cg01657422;WWOX
feature 72465;cg02462912;COQ10B
feature 240405;cg15186584;C9orf24
feature 400159;cg13688786;MYO18A
feature 27420;cg15071463;null
feature 310041;cg25107077;SMARCD1
feature 482074;cg06772067;XIAP
feature 385829;cg04833379;null
feature 238370;cg19978055;WDR97
feature 398116;cg02915739;DRC3
feature 41763;cg14660726;null
feature 267047;cg12649038;ABLIM1
feature 19236;cg21297772;SLC5A9
feature 37670;cg15626828;PTPRC
feature 240421;cg14407698;FAM219A
feature 305964;cg17094171;GRIN2B
feature 115498;cg19317960;LNX1
feature 471852;cg19603134;PARVG
feature 209704;cg01078248;NDUFA5
feature 125741;cg00268149;null
feature 281385;cg01583131;BDNF
feature 115502;cg02196651;LNX1
feature 291627;cg08914150;CTTN
feature 299829;cg24174996;OR8B4
feature 86832;cg10960375;ZBTB47
feature 84787;cg23049130;THRB
feature 58167;cg01171786;DYSF
feature 314163;cg05942111;RASSF3
feature 123705;cg05241277;SFRP2
feature 334652;cg12578486;UBAC2
feature 467773;cg25635000;TPST2
feature 127802;cg17778888;SLC9A3
feature 170812;cg05544828;PPARD
feature 332602;cg12581627;PCDH20
feature 238406;cg13036650;MROH1
feature 451392;cg16162018;NOP56
feature 199499;cg21669326;null
feature 361293;cg16447058;DAPK2
feature 33609;cg04436964;NDUFS2
feature 236367;cg10755035;null
feature 189262;cg07131210;CYP2W1
feature 416586;cg09859805;BAIAP2
feature 316233;cg04100724;BTG1
feature 2895;cg04563718;MMEL1
feature 101198;cg14694205;GMPS
feature 381781;cg03585823;MT1F
feature 267092;cg04508114;ABLIM1
feature 287569;cg20139338;CCDC88B
feature 6999;cg23231666;CASZ1
feature 117593;cg01307684;ANTXR2
feature 127833;cg04299200;null
feature 82777;cg00856825;GHRL
feature 342878;cg15852787;FRMD6
feature 131934;cg12642207;null
feature 254819;cg00520933;ZEB1
feature 467814;cg03612722;MIAT
feature 2918;cg00017437;null
feature 363373;cg20765571;HCN4
feature 289645;cg01667185;PC
feature 234345;cg13393327;null
feature 11114;cg15447913;EPHB2
feature 43883;cg16246661;GALNT2
feature 387945;cg09775238;MTHFSD
feature 445290;cg20698253;CGB5
feature 222060;cg15993110;ZDHHC2
feature 428905;cg08217234;null
feature 476008;cg20074774;TSPAN7
feature 400246;cg12729307;ABHD15
feature 404343;cg16275894;MLX
feature 43894;cg07364927;GALNT2
feature 136061;cg06647928;null
feature 217987;cg18245976;WDR60
feature 330630;cg06146977;EPSTI1
feature 62340;cg03405781;SLC9A4
feature 269185;cg02900757;CTBP2
feature 62343;cg20061812;SLC9A4
feature 269196;cg22548109;CTBP2
feature 392077;cg03131556;ABR
feature 418703;cg24133771;TBCD
feature 269199;cg25673112;CTBP2
feature 291727;cg01935096;SHANK2
feature 109453;cg26343761;MSANTD1
feature 402315;cg04911739;MLLT6
feature 463754;cg04098685;CRYAA
feature 435083;cg01541846;CIB3
feature 109455;cg25261181;MSANTD1
feature 74640;cg05965414;MARCH4
feature 279443;cg10427430;TEAD1
feature 324499;cg17774395;null
feature 361375;cg06129556;CSNK1G1
feature 185240;cg13326844;PACRG
feature 293791;cg01072202;RSF1
feature 471964;cg19427757;ARHGAP8
feature 263071;cg18389639;PDLIM1
feature 316314;cg24889827;null
feature 97182;cg09687947;MCM2
feature 445350;cg14792008;SNRNP70
feature 19363;cg01891252;null
feature 60324;cg23230929;null
feature 246695;cg05001389;GFI1B
feature 107428;cg02582997;GAK
feature 9127;cg04365481;MST1L
feature 250795;cg11838639;null
feature 256938;cg19685285;WDFY4
feature 306093;cg24095583;C12orf60
feature 359340;cg24360993;HDC
feature 256936;cg09603381;WDFY4
feature 218030;cg01868791;null
feature 228269;cg01171885;GGH
feature 197549;cg20495677;NPSR1-AS1
feature 203699;cg04831795;SEMA3C
feature 375732;cg06014057;SNX29
feature 261041;cg18605729;null
feature 201654;cg11764359;null
feature 78774;cg19450816;null
feature 211892;cg23925551;DGKI
feature 142266;cg06438559;SPOCK1
feature 365501;cg00891645;null
feature 338876;cg04118910;RASA3
feature 215994;cg21839504;null
feature 48058;cg08298447;null
feature 146361;cg19304800;null
feature 9147;cg04494270;null
feature 263096;cg03417182;SORBS1
feature 359352;cg26390924;GABPB1
feature 269242;cg15794873;null
feature 127938;cg02244204;CEP72
feature 271311;cg26688241;STK32C
feature 183244;cg07336872;null
feature 338890;cg10976218;RASA3
feature 312278;cg24885556;ITGA7
feature 375761;cg06670039;SNX29
feature 72660;cg24688655;SATB2-AS1
feature 193495;cg10716768;FAM220A
feature 13271;cg27573570;SPCS2P4
feature 474078;cg18747090;PNPLA4
feature 134105;cg00865849;null
feature 119774;cg27391357;TBCK
feature 322533;cg15466933;PITPNM2
feature 371687;cg00581103;CLCN7
feature 439268;cg25289028;LRFN3
feature 308192;cg00896347;null
feature 463841;cg00746308;LINC00319
feature 396257;cg09404733;MYH10
feature 58345;cg22539450;EMX1
feature 250857;cg05025427;null
feature 50158;cg05096099;NBAS
feature 265205;cg14325733;LDB1
feature 420852;cg21235532;null
feature 291830;cg16706687;SHANK2
feature 392182;cg11314598;ABR
feature 134134;cg00860322;CCNO
feature 297969;cg15025133;DSCAML1
feature 140276;cg01196322;PRDM6
feature 107511;cg14816007;GAK
feature 250869;cg23680451;KLF6
feature 314354;cg07810733;HMGA2
feature 218100;cg19621008;LINC00689
feature 269311;cg00923295;BCCIP
feature 152573;cg25433222;TUBB2A
feature 207868;cg19273773;NAPEPLD
feature 461831;cg25048564;HUNK
feature 189441;cg19053889;C7orf50
feature 82948;cg14673267;SLC6A1
feature 293909;cg15495288;USP35
feature 338966;cg09560811;null
feature 312336;cg09890930;SARNP
feature 244757;cg14431734;null
feature 435217;cg16207783;CHERP
feature 148504;cg02589459;ATP6V0E1
feature 420892;cg20880080;GATA6
feature 154652;cg05168368;null
feature 371738;cg04402122;TELO2
feature 445480;cg26289436;CD37
feature 181293;cg20838203;HBS1L
feature 189490;cg23519637;C7orf50
feature 72752;cg22737473;C2orf47
feature 232503;cg26202195;null
feature 109622;cg04641962;RGS12
feature 27708;cg22424284;FAM46C
feature 345145;cg23677229;GPHN
feature 119871;cg20112699;SGMS2
feature 304196;cg16495940;null
feature 154690;cg14024937;null
feature 457799;cg14455541;FAM65C
feature 375876;cg08296903;ERCC4
feature 279621;cg04293175;SPON1
feature 455749;cg16959758;null
feature 300099;cg27596275;TMEM218
feature 226378;cg20400718;FNTA
feature 123979;cg09916357;null
feature 42060;cg00939442;null
feature 214094;cg23018117;GIMAP1
feature 1102;cg01399319;CCNL2
feature 427081;cg14707187;null
feature 7247;cg20817175;MASP2
feature 80979;cg02469457;SEPT2
feature 263255;cg09593028;ZNF518A
feature 97362;cg18073874;EEFSEC
feature 386129;cg03122201;CMIP
feature 234591;cg24645602;FAM49B
feature 123996;cg18688704;PDGFC
feature 277593;cg23532985;TRIM68
feature 269402;cg14594063;ADAM12
feature 267354;cg24961194;null
feature 179296;cg22800862;null
feature 349281;cg24013741;FAM181A
feature 238693;cg00718444;CYHR1
feature 240744;cg05470166;HRCT1
feature 312424;cg25416125;DGKA
feature 412778;cg21038819;CASKIN2
feature 312425;cg07679948;DGKA
feature 236659;cg02707869;null
feature 472183;cg01514353;null
feature 156787;cg02287436;LINC00240
feature 35954;cg00833394;RALGPS2
feature 117879;cg11380545;ENOPH1
feature 269436;cg06132862;C10orf90
feature 343165;cg13654573;DDHD1
feature 181371;cg03984009;PDE7B
feature 289918;cg18476530;LOC100130987
feature 289919;cg16788099;LOC100130987
feature 330872;cg02535735;TSC22D1
feature 185472;cg10855945;PDE10A
feature 263303;cg05545635;TLL2
feature 21635;cg08036553;null
feature 40068;cg03446399;MIR29B2
feature 189575;cg01778643;C7orf50
feature 371843;cg00939684;IFT140
feature 171144;cg18748525;PXT1
feature 74890;cg05386769;TNS1
feature 310410;cg16918684;SCN8A
feature 464021;cg13952914;AGPAT3
feature 375958;cg03176203;PARN
feature 48277;cg27073086;TRAPPC12
feature 464017;cg16531348;AGPAT3
feature 445598;cg08326933;ALDH16A1
feature 191641;cg14042143;IQCE
feature 179356;cg27397465;MARCKS
feature 15518;cg26661718;THRAP3
feature 357540;cg19095568;DNAJC17
feature 62627;cg11371394;TGFBRAP1
feature 48294;cg10103623;null
feature 144558;cg24865955;null
feature 185517;cg27028202;null
feature 38071;cg12114524;TNNI1
feature 36024;cg10821136;TOR3A
feature 294079;cg11179180;TENM4
feature 480454;cg19172265;BHLHB9
feature 187587;cg01822727;C6orf120
feature 373956;cg01203113;DNASE1
feature 390343;cg04033022;ACSF3
feature 81093;cg06749789;THAP4
feature 398528;cg17742418;EPN2
feature 208069;cg05400200;KMT2E
feature 443585;cg24466377;SIX5
feature 398529;cg14173476;EPN2
feature 79049;cg10806645;LRRFIP1
feature 15562;cg04789644;STK40
feature 392398;cg23346781;INPP5K
feature 132297;cg02305687;RXFP3
feature 373960;cg04834608;DNASE1
feature 480456;cg10712678;BHLHB9
feature 17617;cg03971454;TIE1
feature 423127;cg25693302;NEDD4L
feature 171222;cg18900812;CDKN1A
feature 312528;cg23731805;ERBB3
feature 31956;cg15447017;LMNA
feature 423121;cg07324054;NEDD4L
feature 419025;cg25428213;B3GNTL1
feature 412893;cg19468528;SMIM6
feature 255199;cg23310696;PARD3
feature 181468;cg11114242;MAP7
feature 369892;cg08807995;CAPN15
feature 423140;cg21585100;NEDD4L
feature 320744;cg27513787;null
feature 302313;cg07213721;SLC6A12
feature 429291;cg27296963;null
feature 105711;cg09217898;null
feature 48366;cg19540797;RNASEH1
feature 187628;cg21762728;ERMARD
feature 443625;cg10857774;DMPK
feature 367868;cg11195298;RGMA
feature 290046;cg16334425;CORO1B
feature 320767;cg15000222;TESC
feature 11517;cg05801374;null
feature 359675;cg24596836;GNB5
feature 44289;cg07591362;null
feature 70912;cg16842060;NFE2L2
feature 251136;cg20691436;CALML3
feature 316686;cg10205403;METAP2
feature 83211;cg10110335;SYN2
feature 394509;cg24530508;AIPL1
feature 279817;cg25372278;CALCB
feature 5390;cg10059687;TNFRSF25
feature 136460;cg03163459;ZBED3
feature 138515;cg00235786;null
feature 382228;cg04180025;null
feature 392468;cg01438467;SLC43A2
feature 343318;cg26194447;CNIH1
feature 40212;ch.1.207058233R;null
feature 310557;cg06970510;GRASP
feature 242970;cg13464351;null
feature 101659;cg09811510;SCHIP1
feature 275742;cg19273253;MRPL23
feature 306463;cg05405094;null
feature 419098;cg03961998;B3GNTL1
feature 142621;cg18417562;CTNNA1
feature 265509;cg17782974;TRIM8
feature 382247;cg02276600;CNGB1
feature 146720;cg18432572;CYFIP2
feature 372006;cg02205013;MAPK8IP3
feature 13605;cg25840576;TMEM200B
feature 152871;cg08344174;null
feature 275745;cg10113191;MRPL23
feature 21798;cg20960392;AK4
feature 251172;cg15835494;ASB13
feature 234795;cg12240515;EFR3A
feature 181546;cg03586474;SLC35D3
feature 419119;cg18013419;B3GNTL1
feature 404781;cg15707978;NBR1
feature 240936;cg13558087;POLR1E
feature 281910;cg18931760;EIF3M
feature 50486;cg09140444;null
feature 384316;cg01578632;WWP2
feature 281917;cg19604706;CCDC73
feature 236858;cg10802543;LY6K
feature 376126;cg06613738;C16orf45
feature 318783;cg22714942;KCTD10
feature 19771;cg17438457;null
feature 408889;cg09423181;AKAP1
feature 50496;cg18011760;null
feature 7492;cg12403889;DRAXIN
feature 372033;cg27391497;MAPK8IP3
feature 298307;cg16806210;TTC36
feature 62791;cg20952652;UXS1
feature 427341;cg01634758;AP3D1
feature 249165;cg23983710;DIP2C
feature 236880;cg26140749;null
feature 331089;cg01351327;SPERT
feature 169302;cg22745440;RGL2
feature 410961;cg00498360;PRKCA
feature 216404;cg13515783;DNAJB6
feature 245083;cg11299964;MAPKAP1
feature 341340;cg16683572;AKAP6
feature 87387;cg24858591;KIAA1143
feature 283998;cg03522150;C11orf49
feature 136541;cg02086801;OTP
feature 64863;cg21316923;TFCP2L1
feature 468325;cg04193415;LIF
feature 304486;cg04956511;PTPN6
feature 107875;cg03193299;null
feature 64867;cg01946784;TFCP2L1
feature 181605;cg26976562;IFNGR1
feature 324963;cg03782130;SFSWAP
feature 290152;cg08962271;PITPNM1
feature 187758;cg15033140;null
feature 421225;cg00868875;KCTD1
feature 398697;cg21702431;SLC47A2
feature 5489;cg07997941;TAS1R1
feature 77172;cg21663666;null
feature 267633;cg08226752;null
feature 259446;cg19227382;CDH23
feature 191860;cg21143896;GNA12
feature 101753;cg04008429;TRIM59
feature 337276;cg19957503;ATP11A
feature 380286;cg21369679;DNAJA2
feature 152958;cg16659773;null
feature 386436;cg08382534;SLC38A8
feature 107906;cg27414909;LOC100130872
feature 378243;cg26639730;null
feature 316808;cg19863595;AMDHD1
feature 107917;cg11104416;LOC100130872
feature 195983;cg26402660;null
feature 60813;cg00029282;PROM2
feature 368008;cg10835417;MCTP2
feature 21903;cg26912671;PDE4B
feature 107920;cg01638225;LOC100130872
feature 122261;cg02365754;MAML3
feature 404882;cg02389634;MIR2117
feature 58773;cg06224721;DCTN1-AS1
feature 3478;cg24873695;PRDM16
feature 191892;cg07073096;GNA12
feature 310685;cg00280812;KRT80
feature 408988;cg13558899;MSI2
feature 7579;cg13966091;CLCN6
feature 451995;cg19454317;null
feature 134559;cg04255416;RAB3C
feature 404889;cg04246253;null
feature 89504;cg12150256;HYAL2
feature 89507;cg03721058;HYAL2
feature 142752;cg19569684;MZB1
feature 271782;cg03647436;INPP5A
feature 316839;cg25671716;null
feature 398754;cg10543374;ULK2
feature 472480;cg21428954;CELSR1
feature 110001;cg12937133;null
feature 441781;cg13324643;LYPD4
feature 331185;cg21968535;null
feature 196021;cg16997642;HOXA5
feature 169397;cg15025089;TAPBP
feature 165307;cg02105247;SKIV2L
feature 343483;cg21152269;MAPK1IP1L
feature 292283;cg06854487;NUMA1
feature 349637;cg06753163;CLMN
feature 249283;cg14955916;DIP2C
feature 173506;cg23871507;null
feature 261570;cg11737230;null
feature 181701;cg26960647;TNFAIP3
feature 134607;cg05691871;PDE4D
feature 384456;cg09426937;ST3GAL2
feature 196044;cg27313941;HOXA6
feature 445910;cg06709214;FUZ
feature 77266;cg17207690;NMUR1
feature 114133;cg21880903;KLB
feature 153047;cg27180974;CDYL
feature 374224;cg03514977;TFAP4
feature 407007;cg00646731;null
feature 300509;cg10589353;KIRREL3
feature 167385;cg20067471;null
feature 38365;cg08621778;ARL8A
feature 1501;cg12042834;CDK11B
feature 239068;cg19354255;ZNF517
feature 181728;cg19236700;PERP
feature 118244;cg09537568;WDFY3
feature 67047;cg20723436;NXPH2
feature 32231;cg12484590;null
feature 261611;cg09379651;null
feature 357869;cg24147582;TYRO3
feature 187886;cg05024916;null
feature 392680;cg04237489;RPA1
feature 69102;cg13285387;STK39
feature 261618;cg26830291;null
feature 126448;cg06936803;SORBS2
feature 278006;cg27216937;APBB1
feature 54773;cg08900316;PRKCE
feature 194036;cg24499688;null
feature 40440;cg25876656;SERTAD4-AS1
feature 220667;cg09292244;null
feature 50681;cg10329928;SDC1
feature 327166;cg14616881;CRYL1
feature 69116;cg22585786;STK39
feature 243198;cg04007303;FOXE1
feature 452088;cg23291865;TMEM230
feature 308731;cg17310654;SCAF11
feature 280069;ch.11.17063585R;null
feature 292353;cg25306006;FOLR2
feature 312835;cg12191293;GLS2
feature 353807;cg21899542;null
feature 288265;cg02707152;SLC22A20
feature 327177;cg11411403;CRYL1
feature 429591;cg22079102;KDM4B
feature 226833;cg14219543;null
feature 224791;cg18907656;PURG
feature 85524;cg19531842;null
feature 388627;cg27338807;KLHDC4
feature 146965;cg26403843;RNF145
feature 429598;cg07846737;KDM4B
feature 429596;cg03688668;KDM4B
feature 271903;cg04881751;INPP5A
feature 232984;cg22052659;CSMD3
feature 329246;cg01411823;MEDAG
feature 450074;cg10133929;ZNF552
feature 210462;cg17150663;KCP
feature 212509;cg09137718;DENND2A
feature 351770;cg01144283;TECPR2
feature 251420;cg08330247;null
feature 1569;cg05983502;NADK
feature 423463;cg26166935;PHLPP1
feature 265766;cg07895149;CALHM2
feature 28195;cg03521775;LINC00623
feature 402977;cg18903834;PSMD3
feature 445999;cg08711674;AKT1S1
feature 429613;cg24214903;KDM4B
feature 417334;cg01815074;HGS
feature 351799;cg05879919;ANKRD9
feature 214576;cg18476993;null
feature 405045;cg16892393;null
feature 296503;cg16934235;EXPH5
feature 357936;cg26788852;MAPKBP1
feature 20023;cg26527263;null
feature 423473;cg23756272;BCL2
feature 142907;cg05227215;CXXC5
feature 138809;cg26390078;null
feature 173630;cg22768082;null
feature 206397;cg09238235;MIR25
feature 173629;cg03310503;null
feature 1599;cg00328972;NADK
feature 362053;cg03027244;null
feature 360006;cg22510134;PYGO1
feature 183873;cg25383605;TIAM2
feature 302656;cg17123639;WNT5B
feature 126533;cg11426170;null
feature 126532;cg04789475;null
feature 48710;cg27120405;null
feature 366147;cg17176423;null
feature 173637;cg18749015;null
feature 147013;cg16223546;null
feature 196174;cg05490659;HOXA10
feature 454218;cg23929284;CCM2L
feature 421451;cg18101249;RNF125
feature 386635;cg16777493;ATP2C2
feature 99920;cg21597025;CHST2
feature 337495;cg12394800;ATP11A
feature 155217;cg09723635;KIF13A
feature 278097;cg10383568;DNHD1
feature 32342;cg25343618;null
feature 466512;cg14849412;null
feature 52824;cg22395019;GALNT14
feature 177754;cg20938346;SIM1
feature 183896;cg10743291;CLDN20
feature 202328;cg27332489;TBL2
feature 177758;cg04859726;SIM1
feature 464475;cg18012089;ITGB2
feature 138844;cg24095120;EFNA5
feature 245346;cg17739181;FAM129B
feature 5730;cg20800117;CAMTA1
feature 218721;cg12168626;null
feature 474723;cg20289033;AP1S2
feature 382561;cg13027458;APOOP5
feature 429664;cg24903589;PTPRS
feature 390765;cg03286774;SPG7
feature 271980;cg23495441;INPP5A
feature 327277;cg03622664;XPO4
feature 292457;cg20179907;PDE2A
feature 286313;cg08298827;SCGB1D2
feature 460392;cg12352038;null
feature 286326;cg16007742;SCGB1D4
feature 364150;cg18775702;C15orf39
feature 249456;cg14471569;DIP2C
feature 136823;cg05970033;null
feature 169592;cg00117005;DAXX
feature 269950;cg01304144;null
feature 339582;cg13979573;null
feature 306821;cg13080282;null
feature 155265;cg22959611;NHLRC1
feature 54916;cg13219564;SOCS5
feature 388736;cg08860287;SLC7A5
feature 132743;cg08390699;WDR70
feature 429696;cg27555525;PTPRS
feature 315011;cg01801750;RAB21
feature 7817;cg15929771;VPS13D
feature 388751;cg03850117;SLC7A5
feature 231053;cg22327427;ESRP1
feature 106127;cg02505535;SDHAP1
feature 263830;cg06821075;R3HCC1L
feature 331414;cg16985320;RB1
feature 104082;cg19956113;CHRD
feature 265879;cg19007269;SH3PXD2A
feature 286353;cg08764509;ASRGL1
feature 325276;cg09075307;EP400
feature 417438;cg23708206;PPP1R27
feature 456350;cg16914370;JPH2
feature 362143;cg00688932;null
feature 421533;cg14891195;KLHL14
feature 208543;cg00866870;LAMB1
feature 325275;cg05629774;EP400
feature 394905;cg12228229;DLG4
feature 329382;cg16158863;FRY
feature 257702;cg22641201;BICC1
feature 421537;cg06591973;KLHL14
feature 173739;cg19452802;null
feature 351916;cg21920469;null
feature 323242;cg01842837;null
feature 177836;cg08298351;null
feature 222892;cg06021753;POLR3D
feature 392885;cg14792548;SMG6
feature 108209;cg11552981;UVSSA
feature 263860;cg10581650;null
feature 116403;cg03031383;TMPRSS11E
feature 112309;cg05521150;null
feature 63158;cg17027260;SH3RF3
feature 270012;cg02330106;MGMT
feature 106173;cg13044649;null
feature 304824;cg13863617;FOXJ2
feature 161470;cg15735240;MRPS18B
feature 337595;cg22542803;null
feature 54977;cg04574383;MCFD2
feature 470724;cg04316770;SGSM3
feature 415425;cg20097219;TBC1D16
feature 263884;cg19368383;HPS1
feature 329420;cg08193369;BRCA2
feature 87756;cg12332536;CCRL2
feature 22224;cg19246266;null
feature 425687;cg01635063;PALM
feature 310999;cg06553033;null
feature 116439;cg03498559;UGT2B4
feature 34518;cg25147376;ILDR2
feature 212698;cg12774432;SSBP1
feature 265944;cg19128723;OBFC1
feature 317145;cg00852595;ANKS1B
feature 292581;cg07297954;ATG16L2
feature 280295;cg04167854;SERGEF
feature 329443;cg09716613;N4BP2L1
feature 116458;cg21945989;CSN2
feature 89837;cg02423494;RAD54L2
feature 306920;cg12990174;KRAS
feature 362218;cg24032190;SMAD3
feature 89842;cg11095658;RAD54L2
feature 284407;cg10951214;PTPRJ
feature 337649;cg17982866;MCF2L
feature 32506;cg12995941;NTRK1
feature 405242;cg07011150;HDAC5
feature 464635;cg08041279;POFUT2
feature 335611;cg19174831;MYO16
feature 57091;cg09550083;MEIS1
feature 89860;cg17081570;TEX264
feature 136967;cg24561419;null
feature 124678;cg23239971;PALLD
feature 89862;cg19095143;TEX264
feature 450313;cg03099728;ZNF274
feature 352021;cg21086153;CDC42BPB
feature 24336;cg15394350;GFI1
feature 184080;cg20408104;ARID1B
feature 386839;cg00864691;null
feature 44819;cg01819912;TBCE
feature 237333;cg09322678;TOP1MT
feature 44822;cg00773060;TBCE
feature 216852;cg03983213;PTPRN2
feature 175896;cg14989243;FILIP1
feature 403229;cg18748499;GJD3
feature 403225;cg02477677;RARA
feature 40736;cg07589342;null
feature 243495;cg14150186;CYLC2
feature 323372;cg06719671;SCARB1
feature 427821;cg15468423;GNG7
feature 464681;cg24945462;LOC642852
feature 50993;cg26109017;KLHL29
feature 196406;cg05729490;null
feature 102203;cg07774096;null
feature 180025;cg27116469;PKIB
feature 71489;cg23127434;NCKAP1
feature 28481;cg17934390;GNRHR2
feature 216897;cg05971373;PTPRN2
feature 378689;cg06444125;TBX6
feature 341824;cg14007757;null
feature 298819;cg25821437;USP2
feature 100173;cg17003736;ZIC4
feature 472907;cg09770376;null
feature 347976;cg15922990;FLRT2
feature 378696;cg02506053;YPEL3
feature 89935;cg15577135;PARP3
feature 251724;cg04752299;null
feature 221011;cg05070839;MSRA
feature 325461;cg24732555;null
feature 448340;cg13079099;LENG9
feature 257872;cg12354377;ANK3
feature 42837;cg04503570;ITPKB
feature 448336;cg26011534;LENG8
feature 1884;cg08484080;PRKCZ
feature 51036;cg18835493;KLHL29
feature 444251;cg25731261;BBC3
feature 259933;cg01368488;null
feature 288602;cg01180479;MAP3K11
feature 120670;cg12931707;UGT8
feature 196450;cg01662334;HIBADH
feature 196451;cg14851114;null
feature 92000;cg24879560;MAGI1
feature 470884;cg21000447;CHADL
feature 270183;cg09607482;null
feature 141159;cg11576424;C5orf56
feature 46951;cg16092135;null
feature 8040;cg17271677;PDPN
feature 57195;cg09028215;ETAA1
feature 196463;cg11084020;TAX1BP1
feature 30573;cg22700686;S100A2
feature 104305;cg25479682;MAP3K13
feature 135024;cg15100112;null
feature 157552;cg00448814;NKAPL
feature 374646;cg23460697;UBN1
feature 411509;cg22143285;KCNJ16
feature 46965;cg26823290;null
feature 167806;cg03156443;null
feature 231310;cg22404290;null
feature 90005;cg25719102;ACY1
feature 143254;cg19008097;CD14
feature 34710;cg06366189;null
feature 106391;cg27022853;NRROS
feature 77721;cg03936315;NGEF
feature 130970;cg25612428;ANKRD33B
feature 188319;cg14247444;null
feature 42909;cg11847933;ADCK3
feature 92062;cg06102127;MAGI1
feature 44962;cg07124956;null
feature 274342;cg07080372;SLC25A22
feature 225184;cg10327067;null
feature 288672;cg12341475;SIPA1
feature 143268;cg06566534;TMCO6
feature 165800;cg10303653;TNXB
feature 241577;cg01716465;null
feature 440235;cg16865475;RYR1
feature 196527;cg01883759;JAZF1
feature 104366;cg06374097;IGF2BP2
feature 378794;cg09439599;TBC1D10B
feature 485288;cg10051237;null
feature 268212;cg13175830;FGFR2
feature 219059;cg00732232;null
feature 133042;cg08164315;PTGER4
feature 151472;cg26600753;TRIM7
feature 298935;cg05912212;null
feature 372657;cg06831064;CASKIN1
feature 337843;cg22981175;MCF2L
feature 384957;cg04814450;ZFHX3
feature 368568;cg15840949;IGF1R
feature 81855;cg09623845;LRRN1
feature 450488;cg11618529;ZNF132
feature 407481;cg06952307;ABI3
feature 270277;cg18833880;EBF3
feature 188355;cg17427491;null
feature 131013;cg02118559;CTNND2
feature 12229;cg12742826;SLC30A2
feature 387008;cg04591650;null
feature 325570;cg16563691;GALNT9
feature 237514;cg00952822;ZC3H3
feature 90056;cg19774788;null
feature 337865;cg23209878;MCF2L
feature 401354;cg18587557;SLFN12
feature 462792;cg00359604;null
feature 370642;cg01918114;LMF1
feature 92123;cg22055337;LRIG1
feature 26586;cg00887511;FAM212B
feature 171998;cg22801217;TSPO2
feature 337880;cg15730074;MCF2L
feature 171996;cg20377447;TSPO2
feature 110559;cg23049847;CRMP1
feature 116705;cg06976977;COX18
feature 16353;cg06895953;MACF1
feature 471012;cg02803775;POLR3H
feature 323559;cg19370084;null
feature 186342;cg10910083;null
feature 176103;cg04769392;null
feature 237547;cg24561207;ZC3H3
feature 212979;cg13163420;TMEM139
feature 421879;cg27353346;null
feature 430067;cg23342234;CAPS
feature 380915;cg06939852;null
feature 112630;cg18873097;null
feature 393202;cg18639734;RAP1GAP2
feature 356338;cg01625621;AVEN
feature 415742;cg12221087;RNF213
feature 278525;cg25103007;LMO1
feature 401403;cg03182688;SLFN12L
